01/04/2026;1;23,00;23,75;1,152;1,152;;;;;;;;;;
02/04/2026;2;23,75;24,50;1,177;2,329;;Fase;Aloj;C1;C2;T1;T2;T3;;SOMA
03/04/2026;3;24,50;25,28;1,203;3,532;;Dias;14;24;14;24;14;22;;112,00
04/04/2026;4;25,28;26,06;1,228;4,760;;Consumo;18,4;44,2;31,1;61,2;42,1;70,2;;267,29
05/04/2026;5;26,06;26,86;1,254;6,014;;;;;;;;;;
06/04/2026;6;26,86;27,67;1,279;7,293;;;;;;;;;;
07/04/2026;7;27,67;28,50;1,304;8,597;;;;GP;116,89;;;;;
08/04/2026;8;28,50;29,33;1,329;9,926;;;;;;;;;;
09/04/2026;9;29,33;30,18;1,354;11,280;;;;;;;;;;
10/04/2026;10;30,18;31,05;1,379;12,659;;;;;;;;;;
11/04/2026;11;31,05;31,92;1,403;14,062;;;;;;;;;;
12/04/2026;12;31,92;32,81;1,428;15,490;;;;;;;;;;
13/04/2026;13;32,81;33,71;1,452;16,942;;;;;;;;;;
14/04/2026;14;33,71;34,63;1,477;18,419;;;;;;;;;;
15/04/2026;15;34,63;35,57;1,568;19,987;;;;;;;;;;
16/04/2026;16;35,57;36,52;1,594;21,581;;;;;;;;;;
17/04/2026;17;36,52;37,48;1,619;23,200;;;;;;;;;;
18/04/2026;18;37,48;38,45;1,644;24,844;;;;;;;;;;
19/04/2026;19;38,45;39,42;1,669;26,512;;;;;;;;;;
20/04/2026;20;39,42;40,41;1,693;28,205;;;;;;;;;;
21/04/2026;21;40,41;41,40;1,717;29,923;;;;;;;;;;
22/04/2026;22;41,40;42,40;1,741;31,664;;;;;;;;;;
23/04/2026;23;42,40;43,41;1,765;33,429;;;;;;;;;;
24/04/2026;24;43,41;44,43;1,789;35,218;;;;;;;;;;
25/04/2026;25;44,43;45,45;1,812;37,030;;;;;;;;;;
26/04/2026;26;45,45;46,49;1,835;38,864;;;;;;;;;;
27/04/2026;27;46,49;47,53;1,858;40,722;;;;;;;;;;
28/04/2026;28;47,53;48,58;1,880;42,602;;;;;;;;;;
29/04/2026;29;48,58;49,64;1,902;44,505;;;;;;;;;;
30/04/2026;30;49,64;50,69;1,925;46,429;;;;;;;;;;
01/05/2026;31;50,69;51,75;1,946;48,375;;;;;;;;;;
02/05/2026;32;51,75;52,82;1,967;50,343;;;;;;;;;;
03/05/2026;33;52,82;53,89;1,988;52,331;;;;;;;;;;
04/05/2026;34;53,89;54,98;2,009;54,340;;;;;;;;;;
05/05/2026;35;54,98;56,06;2,030;56,370;;;;;;;;;;
06/05/2026;36;56,06;57,16;2,050;58,421;;;;;;;;;;
07/05/2026;37;57,16;58,26;2,070;60,491;;;;;;;;;;
08/05/2026;38;58,26;59,37;2,090;62,581;;;;;;;;;;
09/05/2026;39;59,37;60,45;2,109;64,691;;;;;;;;;;
10/05/2026;40;60,45;61,53;2,128;66,819;;;;;;;;;;
11/05/2026;41;61,53;62,61;2,146;68,965;;;;;;;;;;
12/05/2026;42;62,61;63,70;2,165;71,130;;;;;;;;;;
13/05/2026;43;63,70;64,80;2,182;73,312;;;;;;;;;;
14/05/2026;44;64,80;65,89;2,200;75,512;;;;;;;;;;
15/05/2026;45;65,89;67,00;2,217;77,730;;;;;;;;;;
16/05/2026;46;67,00;68,10;2,235;79,964;;;;;;;;;;
17/05/2026;47;68,10;69,21;2,251;82,216;;;;;;;;;;
18/05/2026;48;69,21;70,33;2,268;84,484;;;;;;;;;;
19/05/2026;49;70,33;71,44;2,284;86,768;;;;;;;;;;
20/05/2026;50;71,44;72,56;2,300;89,068;;;;;;;;;;
21/05/2026;51;72,56;73,68;2,316;91,384;;;;;;;;;;
22/05/2026;52;73,68;74,80;2,331;93,715;;;;;;;;;;
23/05/2026;53;74,80;75,93;2,399;96,115;;;;;;;;;;
24/05/2026;54;75,93;77,06;2,415;98,529;;;;;;;;;;
25/05/2026;55;77,06;78,19;2,430;100,959;;;;;;;;;;
26/05/2026;56;78,19;79,32;2,444;103,403;;;;;;;;;;
27/05/2026;57;79,32;80,45;2,459;105,862;;;;;;;;;;
28/05/2026;58;80,45;81,58;2,473;108,334;;;;;;;;;;
29/05/2026;59;81,58;82,71;2,486;110,820;;;;;;;;;;
30/05/2026;60;82,71;83,84;2,500;113,320;;;;;;;;;;
31/05/2026;61;83,84;84,97;2,513;115,833;;;;;;;;;;
01/06/2026;62;84,97;86,10;2,526;118,359;;;;;;;;;;
02/06/2026;63;86,10;87,22;2,538;120,897;;;;;;;;;;
03/06/2026;64;87,22;88,34;2,550;123,447;;;;;;;;;;
04/06/2026;65;88,34;89,46;2,562;126,010;;;;;;;;;;
05/06/2026;66;89,46;90,58;2,574;128,584;;;;;;;;;;
06/06/2026;67;90,58;91,70;2,585;131,169;;;;;;;;;;
07/06/2026;68;91,70;92,81;2,596;133,765;;;;;;;;;;
08/06/2026;69;92,81;93,91;2,607;136,371;;;;;;;;;;
09/06/2026;70;93,91;95,01;2,617;138,989;;;;;;;;;;
10/06/2026;71;95,01;96,11;2,627;141,616;;;;;;;;;;
11/06/2026;72;96,11;97,21;2,637;144,253;;;;;;;;;;
12/06/2026;73;97,21;98,30;2,646;146,899;;;;;;;;;;
13/06/2026;74;98,30;99,38;2,655;149,554;;;;;;;;;;
14/06/2026;75;99,38;100,45;2,664;152,219;;;;;;;;;;
15/06/2026;76;100,45;101,52;2,673;154,891;;;;;;;;;;
16/06/2026;77;101,52;102,80;2,828;157,720;;;;;;;;;;
17/06/2026;78;102,80;104,07;2,851;160,571;;;;;;;;;;
18/06/2026;79;104,07;105,35;2,884;163,455;;;;;;;;;;
19/06/2026;80;105,35;106,63;2,916;166,371;;;;;;;;;;
20/06/2026;81;106,63;107,91;2,949;169,320;;;;;;;;;;
21/06/2026;82;107,91;109,20;2,982;172,303;;;;;;;;;;
22/06/2026;83;109,20;110,49;3,015;175,318;;;;;;;;;;
23/06/2026;84;110,49;111,77;3,048;178,366;;;;;;;;;;
24/06/2026;85;111,77;113,03;3,080;181,446;;;;;;;;;;
25/06/2026;86;113,03;114,28;3,111;184,557;;;;;;;;;;
26/06/2026;87;114,28;115,52;3,115;187,672;;;;;;;;;;
27/06/2026;88;115,52;116,73;3,119;190,791;;;;;;;;;;
28/06/2026;89;116,73;117,93;3,123;193,914;;;;;;;;;;
29/06/2026;90;117,93;119,11;3,127;197,041;;;;;;;;;;
30/06/2026;91;119,11;120,24;3,132;200,173;;;;;;;;;;
01/07/2026;92;120,24;121,35;3,153;203,325;;;;;;;;;;
02/07/2026;93;121,35;122,45;3,172;206,497;;;;;;;;;;
03/07/2026;94;122,45;123,52;3,189;209,687;;;;;;;;;;
04/07/2026;95;123,52;124,57;3,200;212,887;;;;;;;;;;
05/07/2026;96;124,57;125,60;3,200;216,087;;;;;;;;;;
06/07/2026;97;125,60;126,61;3,200;219,287;;;;;;;;;;
07/07/2026;98;126,61;127,60;3,200;222,487;;;;;;;;;;
08/07/2026;99;127,60;128,57;3,200;225,687;;;;;;;;;;
09/07/2026;100;128,57;129,52;3,200;228,887;;;;;;;;;;
10/07/2026;101;129,52;130,46;3,200;232,087;;;;;;;;;;
11/07/2026;102;130,46;131,38;3,200;235,287;;;;;;;;;;
12/07/2026;103;131,38;132,29;3,200;238,487;;;;;;;;;;
13/07/2026;104;132,29;133,19;3,200;241,687;;;;;;;;;;
14/07/2026;105;133,19;134,08;3,200;244,887;;;;;;;;;;
15/07/2026;106;134,08;134,95;3,200;248,087;;;;;;;;;;
16/07/2026;107;134,95;135,80;3,200;251,287;;;;;;;;;;
17/07/2026;108;135,80;136,65;3,200;254,487;;;;;;;;;;
18/07/2026;109;136,65;137,48;3,200;257,687;;;;;;;;;;
19/07/2026;110;137,48;138,30;3,200;260,887;;;;;;;;;;
20/07/2026;111;138,30;139,10;3,200;264,087;;;;;;;;;;
21/07/2026;112;139,10;139,89;3,200;267,287;;;;;;;;;;
